<?xml version="1.0" encoding="UTF-8"?>
<project-private xmlns="http://www.netbeans.org/ns/project-private/1">
    <editor-bookmarks xmlns="http://www.netbeans.org/ns/editor-bookmarks/1"/>
    <editor-bookmarks xmlns="http://www.netbeans.org/ns/editor-bookmarks/2" lastBookmarkId="0"/>
    <open-files xmlns="http://www.netbeans.org/ns/projectui-open-files/2">
        <group name="FileBase">
            <file>file:/C:/Chc/Java/Controle/src/helper/ItemAjuda.java</file>
            <file>file:/C:/Chc/Java/Controle/src/partepronta/GerenciadorSubParte.java</file>
            <file>file:/C:/Chc/Java/Controle/src/util/XMLGenerate.java</file>
            <file>file:/C:/Chc/Java/Controle/src/helper/ArvoreAjuda.java</file>
            <file>file:/C:/Chc/Java/Controle/src/helper/FormHelp.java</file>
            <file>file:/C:/Chc/Java/Controle/src/controlador/Configuer.java</file>
            <file>file:/C:/Chc/Java/Controle/src/principal/FramePrincipal.java</file>
        </group>
        <group>
            <file>file:/C:/Chc/Prg/brModelo/src/principal/Formularios_pt_BR.properties</file>
            <file>file:/C:/Chc/Prg/brModelo/src/principal/FormaLogs.java</file>
        </group>
    </open-files>
</project-private>
